Sample,Species,Host,Country,
SRX2995989,DEER,RESERVOIR,USA,
SRX4901490,DEER,RESERVOIR,USA,
SRX2995990,DEER,RESERVOIR,USA,
SRX4901491,DEER,RESERVOIR,USA,
SRX4901492,DEER,RESERVOIR,USA,
SRX2995987,DEER,RESERVOIR,USA,
SRX4901493,DEER,RESERVOIR,USA,
SRX4901494,DEER,RESERVOIR,USA,
SRX4901495,DEER,RESERVOIR,USA,
SRX2995988,DEER,RESERVOIR,USA,
SRX2995993,DEER,RESERVOIR,USA,
SRX4901496,DEER,RESERVOIR,USA,
SRX2995994,DEER,RESERVOIR,USA,
SRX4901497,DEER,RESERVOIR,USA,
SRX2995991,DEER,RESERVOIR,USA,
SRX4901486,DEER,RESERVOIR,USA,
SRX4901487,DEER,RESERVOIR,USA,
SRX4901516,CATTLE,RESERVOIR,USA,
SRX2995992,ELK,NON-RESERVOIR,USA,
SRX2995995,DEER,RESERVOIR,USA,
SRX4901517,CATTLE,RESERVOIR,USA,
SRX4901514,DEER,RESERVOIR,USA,
SRX4901515,DEER,RESERVOIR,USA,
SRX4901520,DEER,RESERVOIR,USA,
SRX2995996,DEER,RESERVOIR,USA,
SRX2995997,DEER,RESERVOIR,USA,
SRX4901521,DEER,RESERVOIR,USA,
SRX4901518,DEER,RESERVOIR,USA,
SRX2995998,DEER,RESERVOIR,USA,
SRX2995999,DEER,RESERVOIR,USA,
SRX2996000,DEER,RESERVOIR,USA,
SRX4901519,DEER,RESERVOIR,USA,
SRX4901524,DEER,RESERVOIR,USA,
SRX2996001,ELK,NON-RESERVOIR,USA,
SRX4901525,DEER,RESERVOIR,USA,
SRX4901551,DEER,RESERVOIR,USA,
SRX2996002,DEER,RESERVOIR,USA,
SRX4901550,DEER,RESERVOIR,USA,
SRX2996003,DEER,RESERVOIR,USA,
SRX2996004,DEER,RESERVOIR,USA,
SRX2996005,DEER,RESERVOIR,USA,
SRX2996006,DEER,RESERVOIR,USA,
SRX2995969,DEER,RESERVOIR,USA,
SRX2995968,DEER,RESERVOIR,USA,
SRX2995971,ELK,NON-RESERVOIR,USA,
SRX2995970,ELK,NON-RESERVOIR,USA,
SRX2995973,DEER,RESERVOIR,USA,
SRX2995972,DEER,RESERVOIR,USA,
SRX4901549,DEER,RESERVOIR,USA,
SRX4901548,DEER,RESERVOIR,USA,
SRX2995975,DEER,RESERVOIR,USA,
SRX2995974,DEER,RESERVOIR,USA,
SRX2995966,DEER,RESERVOIR,USA,
SRX4901547,DEER,RESERVOIR,USA,
SRX2995965,CATTLE,RESERVOIR,USA,
SRX2996007,CATTLE,RESERVOIR,USA,
SRX2996008,CATTLE,RESERVOIR,USA,
SRX2996013,CATTLE,RESERVOIR,USA,
SRX4901546,CATTLE,RESERVOIR,USA,
SRX4901545,DEER,RESERVOIR,USA,
SRX4901544,DEER,RESERVOIR,USA,
SRX4901543,DEER,RESERVOIR,USA,
SRX2996014,DEER,RESERVOIR,USA,
SRX2996011,DEER,RESERVOIR,USA,
SRX4901542,DEER,RESERVOIR,USA,
SRX2996012,DEER,RESERVOIR,USA,
SRX2996009,ELK,NON-RESERVOIR,USA,
SRX4901506,DEER,RESERVOIR,USA,
SRX4901507,DEER,RESERVOIR,USA,
SRX4901508,DEER,RESERVOIR,USA,
SRX2996010,DEER,RESERVOIR,USA,
SRX2995986,CATTLE,RESERVOIR,USA,
SRX2995967,CATTLE,RESERVOIR,USA,
SRX2995979,DEER,RESERVOIR,USA,
SRX2995978,DEER,RESERVOIR,USA,
SRX2995977,DEER,RESERVOIR,USA,
SRX2995976,CATTLE,RESERVOIR,USA,
SRX2995983,CATTLE,RESERVOIR,USA,
SRX4901509,DEER,RESERVOIR,USA,
SRX4901510,DEER,RESERVOIR,USA,
SRX4901511,DEER,RESERVOIR,USA,
SRX4901512,DEER,RESERVOIR,USA,
SRX2995982,CATTLE,RESERVOIR,USA,
SRX4901513,DEER,RESERVOIR,USA,
SRX2995981,DEER,RESERVOIR,USA,
SRX4901502,DEER,RESERVOIR,USA,
SRX2995980,DEER,RESERVOIR,USA,
SRX4901503,DEER,RESERVOIR,USA,
SRX4901483,DEER,RESERVOIR,USA,
SRX4901482,DEER,RESERVOIR,USA,
SRX4901485,DEER,RESERVOIR,USA,
SRX4901484,DEER,RESERVOIR,USA,
SRX4901479,DEER,RESERVOIR,USA,
SRX4901478,DEER,RESERVOIR,USA,
SRX4901481,DEER,RESERVOIR,USA,
SRX4901480,DEER,RESERVOIR,USA,
SRX4901475,DEER,RESERVOIR,USA,
SRX4901474,DEER,RESERVOIR,USA,
SRX4901528,DEER,RESERVOIR,USA,
SRX4901529,DEER,RESERVOIR,USA,
SRX4901526,DEER,RESERVOIR,USA,
SRX4901527,DEER,RESERVOIR,USA,
SRX4901530,DEER,RESERVOIR,USA,
SRX4901533,DEER,RESERVOIR,USA,
SRX4901522,DEER,RESERVOIR,USA,
SRX4901523,DEER,RESERVOIR,USA,
SRX4901498,DEER,RESERVOIR,USA,
SRX4901500,DEER,RESERVOIR,USA,
SRX2995985,DEER,RESERVOIR,USA,
SRX4901539,DEER,RESERVOIR,USA,
SRX4901538,DEER,RESERVOIR,USA,
SRX4901505,DEER,RESERVOIR,USA,
SRX4901488,DEER,RESERVOIR,USA,
SRX4901534,DEER,RESERVOIR,USA,
SRX4901532,DEER,RESERVOIR,USA,
SRX4901499,DEER,RESERVOIR,USA,
SRX4901504,DEER,RESERVOIR,USA,
SRX4901473,DEER,RESERVOIR,USA,
SRX4901472,DEER,RESERVOIR,USA,
SRX4901501,DEER,RESERVOIR,USA,
SRX4901540,DEER,RESERVOIR,USA,
SRX4901536,DEER,RESERVOIR,USA,
SRX2995984,DEER,RESERVOIR,USA,
SRX4901476,DEER,RESERVOIR,USA,
SRX4901471,DEER,RESERVOIR,USA,
SRX2995962,DEER,RESERVOIR,USA,
SRX4901477,DEER,RESERVOIR,USA,
SRX4901541,DEER,RESERVOIR,USA,
SRX2995963,DEER,RESERVOIR,USA,
SRX4901489,DEER,RESERVOIR,USA,
SRX2995964,DEER,RESERVOIR,USA,
SRX4901531,DEER,RESERVOIR,USA,
SRX4901535,DEER,RESERVOIR,USA,
SRX4901537,DEER,RESERVOIR,USA,
SRX2526901,BOVINE,RESERVOIR,New Zealand,
SRX2526903,BOVINE,RESERVOIR,New Zealand,
SRX2526907,POSSUM,RESERVOIR,New Zealand,
SRX2526909,POSSUM,RESERVOIR,New Zealand,
SRX2526912,BOVINE,RESERVOIR,New Zealand,
SRX2526914,BOVINE,RESERVOIR,New Zealand,
SRX2526917,BOVINE,RESERVOIR,New Zealand,
SRX2526919,POSSUM,RESERVOIR,New Zealand,
SRX2526920,BOVINE,RESERVOIR,New Zealand,
SRX2526923,POSSUM,RESERVOIR,New Zealand,
SRX2526924,BOVINE,RESERVOIR,New Zealand,
SRX2526928,BOVINE,RESERVOIR,New Zealand,
SRX2526930,POSSUM,RESERVOIR,New Zealand,
SRX2526932,BOVINE,RESERVOIR,New Zealand,
SRX2526933,BOVINE,RESERVOIR,New Zealand,
SRX2526934,FERRET,NON-RESERVOIR,New Zealand,
SRX2526935,BOVINE,RESERVOIR,New Zealand,
SRX2526936,BOVINE,RESERVOIR,New Zealand,
SRX2526939,POSSUM,RESERVOIR,New Zealand,
SRX2526940,POSSUM,RESERVOIR,New Zealand,
SRX2526941,FERRET,NON-RESERVOIR,New Zealand,
SRX2526943,POSSUM,RESERVOIR,New Zealand,
SRX2526945,BOVINE,RESERVOIR,New Zealand,
SRX2526946,BOVINE,RESERVOIR,New Zealand,
SRX2526950,BOVINE,RESERVOIR,New Zealand,
SRX2526952,BOVINE,RESERVOIR,New Zealand,
SRX2526954,BOVINE,RESERVOIR,New Zealand,
SRX2526956,POSSUM,RESERVOIR,New Zealand,
SRX2526958,BOVINE,RESERVOIR,New Zealand,
SRX2526960,BOVINE,RESERVOIR,New Zealand,
SRX2526963,POSSUM,RESERVOIR,New Zealand,
SRX2526966,BOVINE,RESERVOIR,New Zealand,
SRX2526967,POSSUM,RESERVOIR,New Zealand,
SRX2526969,BOVINE,RESERVOIR,New Zealand,
SRX2526971,FERRET,NON-RESERVOIR,New Zealand,
SRX2526972,BOVINE,RESERVOIR,New Zealand,
SRX2526973,BOVINE,RESERVOIR,New Zealand,
SRX2526974,BOVINE,RESERVOIR,New Zealand,
SRX2526976,BOVINE,RESERVOIR,New Zealand,
SRX2526977,PORCINE,NON-RESERVOIR,New Zealand,
SRX2526979,BOVINE,RESERVOIR,New Zealand,
SRX2526983,BOVINE,RESERVOIR,New Zealand,
SRX2526988,BOVINE,RESERVOIR,New Zealand,
SRX2526989,POSSUM,RESERVOIR,New Zealand,
SRX2526991,BOVINE,RESERVOIR,New Zealand,
SRX2526992,BOVINE,RESERVOIR,New Zealand,
SRX2526994,BOVINE,RESERVOIR,New Zealand,
SRX2526996,BOVINE,RESERVOIR,New Zealand,
SRX2526997,BOVINE,RESERVOIR,New Zealand,
SRX2526999,BOVINE,RESERVOIR,New Zealand,
SRX2527000,BOVINE,RESERVOIR,New Zealand,
SRX2527001,BOVINE,RESERVOIR,New Zealand,
SRX2527004,POSSUM,RESERVOIR,New Zealand,
SRX2527005,BOVINE,RESERVOIR,New Zealand,
SRX2527008,BOVINE,RESERVOIR,New Zealand,
SRX2527010,BOVINE,RESERVOIR,New Zealand,
SRX2527013,POSSUM,RESERVOIR,New Zealand,
SRX2527014,BOVINE,RESERVOIR,New Zealand,
SRX2527015,BOVINE,RESERVOIR,New Zealand,
SRX2527017,BOVINE,RESERVOIR,New Zealand,
SRX2527020,POSSUM,RESERVOIR,New Zealand,
SRX2527021,FERRET,NON-RESERVOIR,New Zealand,
SRX2527022,BOVINE,RESERVOIR,New Zealand,
SRX2527024,FERRET,NON-RESERVOIR,New Zealand,
SRX2527027,FERRET,NON-RESERVOIR,New Zealand,
SRX2527028,BOVINE,RESERVOIR,New Zealand,
SRX2527030,STOAT,NON-RESERVOIR,New Zealand,
SRX2527032,BOVINE,RESERVOIR,New Zealand,
SRX2527034,FERRET,NON-RESERVOIR,New Zealand,
SRX2527042,BOVINE,RESERVOIR,New Zealand,
SRX2527045,BOVINE,RESERVOIR,New Zealand,
SRX2527046,PORCINE,NON-RESERVOIR,New Zealand,
SRX2527047,POSSUM,RESERVOIR,New Zealand,
SRX2527049,BOVINE,RESERVOIR,New Zealand,
SRX2527050,BOVINE,RESERVOIR,New Zealand,
SRX2527052,FERRET,NON-RESERVOIR,New Zealand,
SRX2527053,POSSUM,RESERVOIR,New Zealand,
SRX2527055,BOVINE,RESERVOIR,New Zealand,
SRX2527058,POSSUM,RESERVOIR,New Zealand,
SRX2527060,BOVINE,RESERVOIR,New Zealand,
SRX2527062,POSSUM,RESERVOIR,New Zealand,
SRX2527063,BOVINE,RESERVOIR,New Zealand,
SRX2527066,BOVINE,RESERVOIR,New Zealand,
SRX2527068,POSSUM,RESERVOIR,New Zealand,
SRX2527070,BOVINE,RESERVOIR,New Zealand,
SRX2527072,BOVINE,RESERVOIR,New Zealand,
SRX2527074,BOVINE,RESERVOIR,New Zealand,
SRX2527076,BOVINE,RESERVOIR,New Zealand,
SRX2527080,BOVINE,RESERVOIR,New Zealand,
SRX2527081,POSSUM,RESERVOIR,New Zealand,
SRX2527083,POSSUM,RESERVOIR,New Zealand,
SRX2527085,PORCINE,NON-RESERVOIR,New Zealand,
SRX2527087,POSSUM,RESERVOIR,New Zealand,
SRX2527089,POSSUM,RESERVOIR,New Zealand,
SRX2527091,BOVINE,RESERVOIR,New Zealand,
SRX2527093,BOVINE,RESERVOIR,New Zealand,
SRX2527095,BOVINE,RESERVOIR,New Zealand,
SRX2527097,BOVINE,RESERVOIR,New Zealand,
SRX2527099,BOVINE,RESERVOIR,New Zealand,
SRX2527100,POSSUM,RESERVOIR,New Zealand,
SRX2527102,POSSUM,RESERVOIR,New Zealand,
SRX2527105,POSSUM,RESERVOIR,New Zealand,
SRX2527107,BOVINE,RESERVOIR,New Zealand,
SRX2527109,FERRET,NON-RESERVOIR,New Zealand,
SRX2527110,BOVINE,RESERVOIR,New Zealand,
SRX2527112,BOVINE,RESERVOIR,New Zealand,
SRX2527114,FERRET,NON-RESERVOIR,New Zealand,
SRX2527118,FERRET,NON-RESERVOIR,New Zealand,
SRX2527119,FERRET,NON-RESERVOIR,New Zealand,
SRX2527121,BOVINE,RESERVOIR,New Zealand,
SRX2527126,BOVINE,RESERVOIR,New Zealand,
SRX2527128,BOVINE,RESERVOIR,New Zealand,
SRX2527130,FERRET,NON-RESERVOIR,New Zealand,
SRX2527132,POSSUM,RESERVOIR,New Zealand,
SRX2527134,BOVINE,RESERVOIR,New Zealand,
SRX2527135,BOVINE,RESERVOIR,New Zealand,
SRX2527136,BOVINE,RESERVOIR,New Zealand,
SRX2527141,BOVINE,RESERVOIR,New Zealand,
SRX2527144,BOVINE,RESERVOIR,New Zealand,
SRX2527145,BOVINE,RESERVOIR,New Zealand,
SRX2527146,BOVINE,RESERVOIR,New Zealand,
SRX2527149,BOVINE,RESERVOIR,New Zealand,
SRX2527152,BOVINE,RESERVOIR,New Zealand,
SRX2527154,BOVINE,RESERVOIR,New Zealand,
SRX2527155,POSSUM,RESERVOIR,New Zealand,
SRX2527161,POSSUM,RESERVOIR,New Zealand,
SRX2527163,BOVINE,RESERVOIR,New Zealand,
SRX2527164,FERRET,NON-RESERVOIR,New Zealand,
SRX2527165,BOVINE,RESERVOIR,New Zealand,
SRX2527166,BOVINE,RESERVOIR,New Zealand,
SRX2527169,FERRET,NON-RESERVOIR,New Zealand,
SRX2527171,BOVINE,RESERVOIR,New Zealand,
SRX2527174,POSSUM,RESERVOIR,New Zealand,
SRX2527176,BOVINE,RESERVOIR,New Zealand,
SRX2527177,BOVINE,RESERVOIR,New Zealand,
SRX2527178,BOVINE,RESERVOIR,New Zealand,
SRX2527180,BOVINE,RESERVOIR,New Zealand,
SRX2527181,FERRET,NON-RESERVOIR,New Zealand,
SRX2527183,POSSUM,RESERVOIR,New Zealand,
SRX2527186,BOVINE,RESERVOIR,New Zealand,
SRX2527189,POSSUM,RESERVOIR,New Zealand,
SRX2527191,POSSUM,RESERVOIR,New Zealand,
SRX2527195,BOVINE,RESERVOIR,New Zealand,
SRX2526900,BOVINE,RESERVOIR,New Zealand,
SRX2526902,BOVINE,RESERVOIR,New Zealand,
SRX2526904,BOVINE,RESERVOIR,New Zealand,
SRX2526905,BOVINE,RESERVOIR,New Zealand,
SRX2526906,POSSUM,RESERVOIR,New Zealand,
SRX2526908,POSSUM,RESERVOIR,New Zealand,
SRX2526910,FERRET,NON-RESERVOIR,New Zealand,
SRX2526911,BOVINE,RESERVOIR,New Zealand,
SRX2526913,BOVINE,RESERVOIR,New Zealand,
SRX2526915,FERRET,NON-RESERVOIR,New Zealand,
SRX2526916,BOVINE,RESERVOIR,New Zealand,
SRX2526918,BOVINE,RESERVOIR,New Zealand,
SRX2526921,POSSUM,RESERVOIR,New Zealand,
SRX2526922,BOVINE,RESERVOIR,New Zealand,
SRX2526925,FERRET,NON-RESERVOIR,New Zealand,
SRX2526926,FERRET,NON-RESERVOIR,New Zealand,
SRX2526927,BOVINE,RESERVOIR,New Zealand,
SRX2526929,BOVINE,RESERVOIR,New Zealand,
SRX2526931,FERRET,NON-RESERVOIR,New Zealand,
SRX2526937,POSSUM,RESERVOIR,New Zealand,
SRX2526938,BOVINE,RESERVOIR,New Zealand,
SRX2526942,BOVINE,RESERVOIR,New Zealand,
SRX2526944,BOVINE,RESERVOIR,New Zealand,
SRX2526947,BOVINE,RESERVOIR,New Zealand,
SRX2526948,BOVINE,RESERVOIR,New Zealand,
SRX2526949,FERRET,NON-RESERVOIR,New Zealand,
SRX2526951,BOVINE,RESERVOIR,New Zealand,
SRX2526953,BOVINE,RESERVOIR,New Zealand,
SRX2526955,BOVINE,RESERVOIR,New Zealand,
SRX2526957,FERRET,NON-RESERVOIR,New Zealand,
SRX2526959,PORCINE,NON-RESERVOIR,New Zealand,
SRX2526961,BOVINE,RESERVOIR,New Zealand,
SRX2526962,FERRET,NON-RESERVOIR,New Zealand,
SRX2526964,BOVINE,RESERVOIR,New Zealand,
SRX2526965,BOVINE,RESERVOIR,New Zealand,
SRX2526968,POSSUM,RESERVOIR,New Zealand,
SRX2526970,BOVINE,RESERVOIR,New Zealand,
SRX2526975,CERVINE,NON-RESERVOIR,New Zealand,
SRX2526978,BOVINE,RESERVOIR,New Zealand,
SRX2526980,BOVINE,RESERVOIR,New Zealand,
SRX2526981,FERRET,NON-RESERVOIR,New Zealand,
SRX2526982,BOVINE,RESERVOIR,New Zealand,
SRX2526984,BOVINE,RESERVOIR,New Zealand,
SRX2526985,BOVINE,RESERVOIR,New Zealand,
SRX2526986,BOVINE,RESERVOIR,New Zealand,
SRX2526987,BOVINE,RESERVOIR,New Zealand,
SRX2526990,BOVINE,RESERVOIR,New Zealand,
SRX2526993,FERRET,NON-RESERVOIR,New Zealand,
SRX2526995,BOVINE,RESERVOIR,New Zealand,
SRX2526998,BOVINE,RESERVOIR,New Zealand,
SRX2527002,BOVINE,RESERVOIR,New Zealand,
SRX2527003,FERRET,NON-RESERVOIR,New Zealand,
SRX2527006,FERRET,NON-RESERVOIR,New Zealand,
SRX2527007,PORCINE,NON-RESERVOIR,New Zealand,
SRX2527009,BOVINE,RESERVOIR,New Zealand,
SRX2527011,BOVINE,RESERVOIR,New Zealand,
SRX2527012,FERRET,NON-RESERVOIR,New Zealand,
SRX2527016,FERRET,NON-RESERVOIR,New Zealand,
SRX2527018,BOVINE,RESERVOIR,New Zealand,
SRX2527019,POSSUM,RESERVOIR,New Zealand,
SRX2527023,BOVINE,RESERVOIR,New Zealand,
SRX2527025,BOVINE,RESERVOIR,New Zealand,
SRX2527026,BOVINE,RESERVOIR,New Zealand,
SRX2527029,BOVINE,RESERVOIR,New Zealand,
SRX2527031,BOVINE,RESERVOIR,New Zealand,
SRX2527033,BOVINE,RESERVOIR,New Zealand,
SRX2527035,BOVINE,RESERVOIR,New Zealand,
SRX2527036,BOVINE,RESERVOIR,New Zealand,
SRX2527037,FERRET,NON-RESERVOIR,New Zealand,
SRX2527038,BOVINE,RESERVOIR,New Zealand,
SRX2527039,BOVINE,RESERVOIR,New Zealand,
SRX2527040,BOVINE,RESERVOIR,New Zealand,
SRX2527041,POSSUM,RESERVOIR,New Zealand,
SRX2527043,BOVINE,RESERVOIR,New Zealand,
SRX2527044,BOVINE,RESERVOIR,New Zealand,
SRX2527048,BOVINE,RESERVOIR,New Zealand,
SRX2527051,BOVINE,RESERVOIR,New Zealand,
SRX2527054,BOVINE,RESERVOIR,New Zealand,
SRX2527056,BOVINE,RESERVOIR,New Zealand,
SRX2527057,BOVINE,RESERVOIR,New Zealand,
SRX2527059,BOVINE,RESERVOIR,New Zealand,
SRX2527061,BOVINE,RESERVOIR,New Zealand,
SRX2527064,BOVINE,RESERVOIR,New Zealand,
SRX2527065,BOVINE,RESERVOIR,New Zealand,
SRX2527067,BOVINE,RESERVOIR,New Zealand,
SRX2527069,BOVINE,RESERVOIR,New Zealand,
SRX2527071,FERRET,NON-RESERVOIR,New Zealand,
SRX2527073,BOVINE,RESERVOIR,New Zealand,
SRX2527075,BOVINE,RESERVOIR,New Zealand,
SRX2527077,FERRET,NON-RESERVOIR,New Zealand,
SRX2527078,BOVINE,RESERVOIR,New Zealand,
SRX2527079,BOVINE,RESERVOIR,New Zealand,
SRX2527082,BOVINE,RESERVOIR,New Zealand,
SRX2527084,BOVINE,RESERVOIR,New Zealand,
SRX2527086,BOVINE,RESERVOIR,New Zealand,
SRX2527088,FERRET,NON-RESERVOIR,New Zealand,
SRX2527090,BOVINE,RESERVOIR,New Zealand,
SRX2527092,CERVINE,NON-RESERVOIR,New Zealand,
SRX2527094,BOVINE,RESERVOIR,New Zealand,
SRX2527096,PORCINE,NON-RESERVOIR,New Zealand,
SRX2527098,POSSUM,RESERVOIR,New Zealand,
SRX2527101,POSSUM,RESERVOIR,New Zealand,
SRX2527103,BOVINE,RESERVOIR,New Zealand,
SRX2527104,BOVINE,RESERVOIR,New Zealand,
SRX2527106,BOVINE,RESERVOIR,New Zealand,
SRX2527108,POSSUM,RESERVOIR,New Zealand,
SRX2527111,BOVINE,RESERVOIR,New Zealand,
SRX2527113,BOVINE,RESERVOIR,New Zealand,
SRX2527115,BOVINE,RESERVOIR,New Zealand,
SRX2527116,FERRET,NON-RESERVOIR,New Zealand,
SRX2527117,BOVINE,RESERVOIR,New Zealand,
SRX2527120,POSSUM,RESERVOIR,New Zealand,
SRX2527122,POSSUM,RESERVOIR,New Zealand,
SRX2527123,BOVINE,RESERVOIR,New Zealand,
SRX2527124,BOVINE,RESERVOIR,New Zealand,
SRX2527125,BOVINE,RESERVOIR,New Zealand,
SRX2527127,POSSUM,RESERVOIR,New Zealand,
SRX2527129,POSSUM,RESERVOIR,New Zealand,
SRX2527131,BOVINE,RESERVOIR,New Zealand,
SRX2527133,BOVINE,RESERVOIR,New Zealand,
SRX2527137,POSSUM,RESERVOIR,New Zealand,
SRX2527138,BOVINE,RESERVOIR,New Zealand,
SRX2527139,BOVINE,RESERVOIR,New Zealand,
SRX2527140,BOVINE,RESERVOIR,New Zealand,
SRX2527142,BOVINE,RESERVOIR,New Zealand,
SRX2527143,BOVINE,RESERVOIR,New Zealand,
SRX2527147,BOVINE,RESERVOIR,New Zealand,
SRX2527148,BOVINE,RESERVOIR,New Zealand,
SRX2527150,BOVINE,RESERVOIR,New Zealand,
SRX2527151,BOVINE,RESERVOIR,New Zealand,
SRX2527153,BOVINE,RESERVOIR,New Zealand,
SRX2527156,PORCINE,NON-RESERVOIR,New Zealand,
SRX2527157,BOVINE,RESERVOIR,New Zealand,
SRX2527158,BOVINE,RESERVOIR,New Zealand,
SRX2527159,BOVINE,RESERVOIR,New Zealand,
SRX2527160,BOVINE,RESERVOIR,New Zealand,
SRX2527162,BOVINE,RESERVOIR,New Zealand,
SRX2527167,FERRET,NON-RESERVOIR,New Zealand,
SRX2527168,FERRET,NON-RESERVOIR,New Zealand,
SRX2527170,POSSUM,RESERVOIR,New Zealand,
SRX2527172,BOVINE,RESERVOIR,New Zealand,
SRX2527173,BOVINE,RESERVOIR,New Zealand,
SRX2527175,CERVINE,NON-RESERVOIR,New Zealand,
SRX2527179,BOVINE,RESERVOIR,New Zealand,
SRX2527182,POSSUM,RESERVOIR,New Zealand,
SRX2527184,POSSUM,RESERVOIR,New Zealand,
SRX2527185,BOVINE,RESERVOIR,New Zealand,
SRX2527187,BOVINE,RESERVOIR,New Zealand,
SRX2527188,FERRET,NON-RESERVOIR,New Zealand,
SRX2527190,POSSUM,RESERVOIR,New Zealand,
SRX2527192,BOVINE,RESERVOIR,New Zealand,
SRX2527193,CERVINE,NON-RESERVOIR,New Zealand,
SRX2527194,POSSUM,RESERVOIR,New Zealand,
SRX5400334,BOVINE,RESERVOIR,United Kingdom,
SRX5400333,BOVINE,RESERVOIR,United Kingdom,
SRX5400332,BOVINE,RESERVOIR,United Kingdom,
SRX5400331,BOVINE,RESERVOIR,United Kingdom,
SRX5400330,BOVINE,RESERVOIR,United Kingdom,
SRX5400329,BOVINE,RESERVOIR,United Kingdom,
SRX5400328,BOVINE,RESERVOIR,United Kingdom,
SRX5400327,BADGER,RESERVOIR,United Kingdom,
SRX5400326,BADGER,RESERVOIR,United Kingdom,
SRX5400325,BADGER,RESERVOIR,United Kingdom,
SRX5400324,BADGER,RESERVOIR,United Kingdom,
SRX5400323,BADGER,RESERVOIR,United Kingdom,
SRX5400322,BADGER,RESERVOIR,United Kingdom,
SRX5400321,BADGER,RESERVOIR,United Kingdom,
SRX5400320,BADGER,RESERVOIR,United Kingdom,
SRX5400319,BADGER,RESERVOIR,United Kingdom,
SRX5400318,BADGER,RESERVOIR,United Kingdom,
SRX5400317,BOVINE,RESERVOIR,United Kingdom,
SRX5400316,BOVINE,RESERVOIR,United Kingdom,
SRX5400315,BADGER,RESERVOIR,United Kingdom,
SRX5400314,BADGER,RESERVOIR,United Kingdom,
SRX5400313,BADGER,RESERVOIR,United Kingdom,
SRX5400312,BADGER,RESERVOIR,United Kingdom,
SRX5400311,BADGER,RESERVOIR,United Kingdom,
SRX5400310,BOVINE,RESERVOIR,United Kingdom,
SRX5400309,BADGER,RESERVOIR,United Kingdom,
SRX5400308,BADGER,RESERVOIR,United Kingdom,
SRX5400307,BADGER,RESERVOIR,United Kingdom,
SRX5400306,BADGER,RESERVOIR,United Kingdom,
SRX5400305,BOVINE,RESERVOIR,United Kingdom,
SRX5400304,BOVINE,RESERVOIR,United Kingdom,
SRX5400303,BOVINE,RESERVOIR,United Kingdom,
SRX5400302,BOVINE,RESERVOIR,United Kingdom,
SRX5400301,BOVINE,RESERVOIR,United Kingdom,
SRX5400300,BOVINE,RESERVOIR,United Kingdom,
SRX5400299,BADGER,RESERVOIR,United Kingdom,
SRX5400298,BADGER,RESERVOIR,United Kingdom,
SRX5400297,BADGER,RESERVOIR,United Kingdom,
SRX5400296,BADGER,RESERVOIR,United Kingdom,
SRX5400295,BADGER,RESERVOIR,United Kingdom,
SRX5400294,BADGER,RESERVOIR,United Kingdom,
SRX5400293,BADGER,RESERVOIR,United Kingdom,
SRX5400292,BADGER,RESERVOIR,United Kingdom,
SRX5400291,BADGER,RESERVOIR,United Kingdom,
SRX5400290,BADGER,RESERVOIR,United Kingdom,
SRX5400289,BOVINE,RESERVOIR,United Kingdom,
SRX5400288,BOVINE,RESERVOIR,United Kingdom,
SRX5400287,BADGER,RESERVOIR,United Kingdom,
SRX5400286,BOVINE,RESERVOIR,United Kingdom,
SRX5400285,BOVINE,RESERVOIR,United Kingdom,
SRX5400284,BOVINE,RESERVOIR,United Kingdom,
SRX5400283,BOVINE,RESERVOIR,United Kingdom,
SRX5400282,BOVINE,RESERVOIR,United Kingdom,
SRX5400281,BOVINE,RESERVOIR,United Kingdom,
SRX5400280,BOVINE,RESERVOIR,United Kingdom,
SRX5400279,BOVINE,RESERVOIR,United Kingdom,
SRX5400278,BOVINE,RESERVOIR,United Kingdom,
SRX5400277,BOVINE,RESERVOIR,United Kingdom,
SRX5400276,BOVINE,RESERVOIR,United Kingdom,
SRX5400275,BOVINE,RESERVOIR,United Kingdom,
SRX5400274,BADGER,RESERVOIR,United Kingdom,
SRX5400273,BADGER,RESERVOIR,United Kingdom,
SRX5400272,BADGER,RESERVOIR,United Kingdom,
SRX5400271,BADGER,RESERVOIR,United Kingdom,
SRX5400270,BADGER,RESERVOIR,United Kingdom,
SRX5400269,BADGER,RESERVOIR,United Kingdom,
SRX5400268,BADGER,RESERVOIR,United Kingdom,
SRX5400267,BADGER,RESERVOIR,United Kingdom,
SRX5400266,BADGER,RESERVOIR,United Kingdom,
SRX5400265,BADGER,RESERVOIR,United Kingdom,
SRX5400264,BADGER,RESERVOIR,United Kingdom,
SRX5400263,BADGER,RESERVOIR,United Kingdom,
SRX5400262,BADGER,RESERVOIR,United Kingdom,
SRX5400261,BOVINE,RESERVOIR,United Kingdom,
SRX5400260,BOVINE,RESERVOIR,United Kingdom,
SRX5400259,BOVINE,RESERVOIR,United Kingdom,
SRX5400258,BOVINE,RESERVOIR,United Kingdom,
SRX5400257,BOVINE,RESERVOIR,United Kingdom,
SRX5400256,BOVINE,RESERVOIR,United Kingdom,
SRX5400255,BOVINE,RESERVOIR,United Kingdom,
SRX5400254,BOVINE,RESERVOIR,United Kingdom,
SRX5400253,BOVINE,RESERVOIR,United Kingdom,
SRX5400252,BOVINE,RESERVOIR,United Kingdom,
SRX5400251,BADGER,RESERVOIR,United Kingdom,
SRX5400250,BADGER,RESERVOIR,United Kingdom,
SRX5400249,BADGER,RESERVOIR,United Kingdom,
SRX5400248,BADGER,RESERVOIR,United Kingdom,
SRX5400247,BADGER,RESERVOIR,United Kingdom,
SRX5400246,BADGER,RESERVOIR,United Kingdom,
SRX5400245,BADGER,RESERVOIR,United Kingdom,
SRX5400244,BADGER,RESERVOIR,United Kingdom,
SRX5400243,BADGER,RESERVOIR,United Kingdom,
SRX5400242,BADGER,RESERVOIR,United Kingdom,
SRX5400241,BADGER,RESERVOIR,United Kingdom,
SRX5400240,BADGER,RESERVOIR,United Kingdom,
SRX5400239,BADGER,RESERVOIR,United Kingdom,
SRX5400238,BADGER,RESERVOIR,United Kingdom,
SRX5400237,BADGER,RESERVOIR,United Kingdom,
SRX5400236,BADGER,RESERVOIR,United Kingdom,
SRX5400235,BADGER,RESERVOIR,United Kingdom,
SRX5400234,BADGER,RESERVOIR,United Kingdom,
SRX5400233,BADGER,RESERVOIR,United Kingdom,
SRX5400232,BADGER,RESERVOIR,United Kingdom,
SRX5400231,BADGER,RESERVOIR,United Kingdom,
SRX5400230,BADGER,RESERVOIR,United Kingdom,
SRX5400229,BADGER,RESERVOIR,United Kingdom,
SRX5400228,BADGER,RESERVOIR,United Kingdom,
SRX5400227,BADGER,RESERVOIR,United Kingdom,
SRX5400226,BADGER,RESERVOIR,United Kingdom,
SRX5400225,BOVINE,RESERVOIR,United Kingdom,
SRX5400224,BOVINE,RESERVOIR,United Kingdom,
SRX5400223,BOVINE,RESERVOIR,United Kingdom,
SRX5400222,BOVINE,RESERVOIR,United Kingdom,
SRX5400221,BOVINE,RESERVOIR,United Kingdom,
SRX5400220,BOVINE,RESERVOIR,United Kingdom,
SRX5400219,BOVINE,RESERVOIR,United Kingdom,
SRX5400218,BOVINE,RESERVOIR,United Kingdom,
SRX5400217,BOVINE,RESERVOIR,United Kingdom,
SRX5400216,BOVINE,RESERVOIR,United Kingdom,
SRX5400215,BOVINE,RESERVOIR,United Kingdom,
SRX5400214,BOVINE,RESERVOIR,United Kingdom,
SRX5400213,BOVINE,RESERVOIR,United Kingdom,
SRX5400212,BOVINE,RESERVOIR,United Kingdom,
SRX5400211,BADGER,RESERVOIR,United Kingdom,
SRX5400210,BADGER,RESERVOIR,United Kingdom,
SRX5400209,BOVINE,RESERVOIR,United Kingdom,
SRX5400208,BOVINE,RESERVOIR,United Kingdom,
SRX5400207,BOVINE,RESERVOIR,United Kingdom,
SRX5400206,BOVINE,RESERVOIR,United Kingdom,
SRX5400205,BOVINE,RESERVOIR,United Kingdom,
SRX5400204,BOVINE,RESERVOIR,United Kingdom,
SRX5400203,BOVINE,RESERVOIR,United Kingdom,
SRX5400202,BOVINE,RESERVOIR,United Kingdom,
SRX5400201,BOVINE,RESERVOIR,United Kingdom,
SRX5400200,BOVINE,RESERVOIR,United Kingdom,
SRX5400199,BOVINE,RESERVOIR,United Kingdom,
SRX5400198,BOVINE,RESERVOIR,United Kingdom,
SRX5400197,BOVINE,RESERVOIR,United Kingdom,
SRX5400196,BOVINE,RESERVOIR,United Kingdom,
SRX5400195,BOVINE,RESERVOIR,United Kingdom,
SRX5400194,BOVINE,RESERVOIR,United Kingdom,
SRX5400193,BOVINE,RESERVOIR,United Kingdom,
SRX5400192,BADGER,RESERVOIR,United Kingdom,
SRX5400191,BADGER,RESERVOIR,United Kingdom,
SRX5400190,BADGER,RESERVOIR,United Kingdom,
SRX5400189,BADGER,RESERVOIR,United Kingdom,
SRX5400188,BADGER,RESERVOIR,United Kingdom,
SRX5400187,BADGER,RESERVOIR,United Kingdom,
SRX5400186,BADGER,RESERVOIR,United Kingdom,
SRX5400185,BADGER,RESERVOIR,United Kingdom,
SRX5400184,BADGER,RESERVOIR,United Kingdom,
SRX5400183,BADGER,RESERVOIR,United Kingdom,
SRX5400182,BOVINE,RESERVOIR,United Kingdom,
SRX5400181,BOVINE,RESERVOIR,United Kingdom,
SRX5400180,BOVINE,RESERVOIR,United Kingdom,
SRX5400179,BOVINE,RESERVOIR,United Kingdom,
SRX5400178,BOVINE,RESERVOIR,United Kingdom,
SRX5400177,BOVINE,RESERVOIR,United Kingdom,
SRX5400176,BOVINE,RESERVOIR,United Kingdom,
SRX5400175,BOVINE,RESERVOIR,United Kingdom,
SRX5400174,BOVINE,RESERVOIR,United Kingdom,
SRX5400173,BOVINE,RESERVOIR,United Kingdom,
SRX5400172,BADGER,RESERVOIR,United Kingdom,
SRX5400171,BADGER,RESERVOIR,United Kingdom,
SRX5400170,BADGER,RESERVOIR,United Kingdom,
SRX5400169,BADGER,RESERVOIR,United Kingdom,
SRX5400168,BADGER,RESERVOIR,United Kingdom,
SRX5400167,BADGER,RESERVOIR,United Kingdom,
SRX5400166,BADGER,RESERVOIR,United Kingdom,
SRX5400165,BADGER,RESERVOIR,United Kingdom,
SRX5400164,BADGER,RESERVOIR,United Kingdom,
SRX5400163,BADGER,RESERVOIR,United Kingdom,
SRX5400162,BADGER,RESERVOIR,United Kingdom,
SRX5400161,BADGER,RESERVOIR,United Kingdom,
SRX5400160,BADGER,RESERVOIR,United Kingdom,
SRX5400159,BADGER,RESERVOIR,United Kingdom,
SRX5400158,BADGER,RESERVOIR,United Kingdom,
SRX5400157,BADGER,RESERVOIR,United Kingdom,
SRX5400156,BADGER,RESERVOIR,United Kingdom,
SRX5400155,BADGER,RESERVOIR,United Kingdom,
SRX5400154,BADGER,RESERVOIR,United Kingdom,
SRX5400153,BADGER,RESERVOIR,United Kingdom,
SRX5400152,BADGER,RESERVOIR,United Kingdom,
SRX5400151,BADGER,RESERVOIR,United Kingdom,
SRX5400150,BADGER,RESERVOIR,United Kingdom,
SRX5400149,BADGER,RESERVOIR,United Kingdom,
SRX5400148,BADGER,RESERVOIR,United Kingdom,
SRX5400147,BADGER,RESERVOIR,United Kingdom,
SRX5400146,BADGER,RESERVOIR,United Kingdom,
SRX5400145,BADGER,RESERVOIR,United Kingdom,
SRX5400144,BADGER,RESERVOIR,United Kingdom,
SRX5400143,BADGER,RESERVOIR,United Kingdom,
SRX5400142,BADGER,RESERVOIR,United Kingdom,
SRX5400141,BADGER,RESERVOIR,United Kingdom,
SRX5400140,BADGER,RESERVOIR,United Kingdom,
SRX5400139,BADGER,RESERVOIR,United Kingdom,
SRX5400138,BADGER,RESERVOIR,United Kingdom,
SRX5400137,BADGER,RESERVOIR,United Kingdom,
SRX5400136,BADGER,RESERVOIR,United Kingdom,
SRX5400135,BADGER,RESERVOIR,United Kingdom,
SRX5400134,BADGER,RESERVOIR,United Kingdom,
SRX5400133,BADGER,RESERVOIR,United Kingdom,
SRX5400132,BADGER,RESERVOIR,United Kingdom,
SRX5400131,BADGER,RESERVOIR,United Kingdom,
SRX5400130,BADGER,RESERVOIR,United Kingdom,
SRX5400129,BOVINE,RESERVOIR,United Kingdom,
SRX5400128,BOVINE,RESERVOIR,United Kingdom,
SRX5400127,BOVINE,RESERVOIR,United Kingdom,
SRX5400126,BOVINE,RESERVOIR,United Kingdom,
SRX5400125,BOVINE,RESERVOIR,United Kingdom,
SRX5400124,BOVINE,RESERVOIR,United Kingdom,
SRX5400123,BOVINE,RESERVOIR,United Kingdom,
SRX5400122,BOVINE,RESERVOIR,United Kingdom,
SRX5400121,BOVINE,RESERVOIR,United Kingdom,
SRX5400120,BOVINE,RESERVOIR,United Kingdom,
SRX5400119,BOVINE,RESERVOIR,United Kingdom,
SRX5400118,BOVINE,RESERVOIR,United Kingdom,
SRX5400117,BOVINE,RESERVOIR,United Kingdom,
SRX5400116,BOVINE,RESERVOIR,United Kingdom,
SRX5400115,BOVINE,RESERVOIR,United Kingdom,
SRX5400114,BOVINE,RESERVOIR,United Kingdom,
SRX5400113,BOVINE,RESERVOIR,United Kingdom,
SRX5400112,BOVINE,RESERVOIR,United Kingdom,
SRX5400111,BOVINE,RESERVOIR,United Kingdom,
SRX5400110,BOVINE,RESERVOIR,United Kingdom,
SRX5400109,BADGER,RESERVOIR,United Kingdom,
SRX5400108,BADGER,RESERVOIR,United Kingdom,
SRX5400107,BADGER,RESERVOIR,United Kingdom,
SRX5400106,BADGER,RESERVOIR,United Kingdom,
SRX5400105,BADGER,RESERVOIR,United Kingdom,
SRX5400104,BADGER,RESERVOIR,United Kingdom,
SRX5400103,BADGER,RESERVOIR,United Kingdom,
SRX5400102,BADGER,RESERVOIR,United Kingdom,
SRX5400101,BADGER,RESERVOIR,United Kingdom,
SRX5400100,BADGER,RESERVOIR,United Kingdom,
SRX5400099,BADGER,RESERVOIR,United Kingdom,
SRX5400098,BOVINE,RESERVOIR,United Kingdom,
SRX5400097,BOVINE,RESERVOIR,United Kingdom,
SRX5400096,BOVINE,RESERVOIR,United Kingdom,
SRX5400095,BOVINE,RESERVOIR,United Kingdom,
SRX5400094,BOVINE,RESERVOIR,United Kingdom,
SRX5400093,BOVINE,RESERVOIR,United Kingdom,
SRX5400092,BADGER,RESERVOIR,United Kingdom,
SRX5400091,BADGER,RESERVOIR,United Kingdom,
SRX5400090,BADGER,RESERVOIR,United Kingdom,
SRX5400089,BADGER,RESERVOIR,United Kingdom,
SRX5400088,BADGER,RESERVOIR,United Kingdom,
SRX5400087,BADGER,RESERVOIR,United Kingdom,
SRX5400086,BADGER,RESERVOIR,United Kingdom,
SRX5400085,BADGER,RESERVOIR,United Kingdom,
SRX5400084,BOVINE,RESERVOIR,United Kingdom,
SRX5400083,BOVINE,RESERVOIR,United Kingdom,
SRX5400082,BOVINE,RESERVOIR,United Kingdom,
SRX5400081,BOVINE,RESERVOIR,United Kingdom,
SRX5400080,BOVINE,RESERVOIR,United Kingdom,
SRX5400079,BOVINE,RESERVOIR,United Kingdom,
SRX5400078,BOVINE,RESERVOIR,United Kingdom,
SRX5400077,BOVINE,RESERVOIR,United Kingdom,
SRX5400076,BOVINE,RESERVOIR,United Kingdom,
SRX5400075,BOVINE,RESERVOIR,United Kingdom,
SRX5400074,BOVINE,RESERVOIR,United Kingdom,
SRX5400073,BOVINE,RESERVOIR,United Kingdom,
SRX5400072,BOVINE,RESERVOIR,United Kingdom,
SRX5400071,BOVINE,RESERVOIR,United Kingdom,
SRX5400070,BOVINE,RESERVOIR,United Kingdom,
SRX5400069,BADGER,RESERVOIR,United Kingdom,
SRX5400068,BOVINE,RESERVOIR,United Kingdom,
SRX5400067,BADGER,RESERVOIR,United Kingdom,
SRX5400066,BADGER,RESERVOIR,United Kingdom,
SRX5400065,BADGER,RESERVOIR,United Kingdom,
SRX5400064,BADGER,RESERVOIR,United Kingdom,
SRX5400063,BOVINE,RESERVOIR,United Kingdom,
SRX5400062,BADGER,RESERVOIR,United Kingdom,
SRX5400061,BADGER,RESERVOIR,United Kingdom,
SRX5400060,BADGER,RESERVOIR,United Kingdom,
SRX5400059,BOVINE,RESERVOIR,United Kingdom,
SRX5400058,BADGER,RESERVOIR,United Kingdom,
SRX5400057,BADGER,RESERVOIR,United Kingdom,
SRX5400056,BADGER,RESERVOIR,United Kingdom,
SRX5400055,BADGER,RESERVOIR,United Kingdom,
SRX5400054,BADGER,RESERVOIR,United Kingdom,
SRX5400053,BADGER,RESERVOIR,United Kingdom,
SRX5400052,BADGER,RESERVOIR,United Kingdom,
SRX5400051,BADGER,RESERVOIR,United Kingdom,
SRX5400050,BADGER,RESERVOIR,United Kingdom,
SRX5400049,BOVINE,RESERVOIR,United Kingdom,
SRX5400048,BOVINE,RESERVOIR,United Kingdom,
SRX5400047,BOVINE,RESERVOIR,United Kingdom,
SRX5400046,BOVINE,RESERVOIR,United Kingdom,
SRX5400045,BOVINE,RESERVOIR,United Kingdom,
SRX5400044,BOVINE,RESERVOIR,United Kingdom,
SRX5400043,BADGER,RESERVOIR,United Kingdom,
SRX5400042,BADGER,RESERVOIR,United Kingdom,
SRX5400041,BOVINE,RESERVOIR,United Kingdom,
SRX5400040,BOVINE,RESERVOIR,United Kingdom,
SRX5400039,BADGER,RESERVOIR,United Kingdom,
SRX5400038,BOVINE,RESERVOIR,United Kingdom,
SRX5400037,BOVINE,RESERVOIR,United Kingdom,
SRX5400036,BOVINE,RESERVOIR,United Kingdom,
SRX5400035,BOVINE,RESERVOIR,United Kingdom,
SRX5400034,BOVINE,RESERVOIR,United Kingdom,
SRX5400033,BOVINE,RESERVOIR,United Kingdom,
SRX5400032,BOVINE,RESERVOIR,United Kingdom,
SRX5400031,BOVINE,RESERVOIR,United Kingdom,
SRX5400030,BOVINE,RESERVOIR,United Kingdom,
SRX5400029,BOVINE,RESERVOIR,United Kingdom,
SRX5400028,BOVINE,RESERVOIR,United Kingdom,
SRX5400027,BADGER,RESERVOIR,United Kingdom,
SRX5400026,BADGER,RESERVOIR,United Kingdom,
SRX5400025,BADGER,RESERVOIR,United Kingdom,
SRX5400024,BADGER,RESERVOIR,United Kingdom,
SRX5400023,BADGER,RESERVOIR,United Kingdom,
SRX5400022,BADGER,RESERVOIR,United Kingdom,
SRX5400021,BADGER,RESERVOIR,United Kingdom,
SRX5400020,BADGER,RESERVOIR,United Kingdom,
SRX5400019,BADGER,RESERVOIR,United Kingdom,
SRX5400018,BADGER,RESERVOIR,United Kingdom,
SRX5400017,BADGER,RESERVOIR,United Kingdom,
SRX5400016,BADGER,RESERVOIR,United Kingdom,
SRX5400015,BOVINE,RESERVOIR,United Kingdom,
SRX5400014,BOVINE,RESERVOIR,United Kingdom,
SRX5400013,BOVINE,RESERVOIR,United Kingdom,
SRX5400012,BOVINE,RESERVOIR,United Kingdom,
SRX5400011,BADGER,RESERVOIR,United Kingdom,
SRX5400010,BADGER,RESERVOIR,United Kingdom,
SRX5400009,BOVINE,RESERVOIR,United Kingdom,
SRX5400008,BOVINE,RESERVOIR,United Kingdom,
SRX5400007,BADGER,RESERVOIR,United Kingdom,
SRX5400006,BADGER,RESERVOIR,United Kingdom,
SRX5400005,BOVINE,RESERVOIR,United Kingdom,
SRX5400004,BADGER,RESERVOIR,United Kingdom,
SRX5400003,BADGER,RESERVOIR,United Kingdom,
SRX5400002,BADGER,RESERVOIR,United Kingdom,
SRX5400001,BADGER,RESERVOIR,United Kingdom,
SRX5400000,BADGER,RESERVOIR,United Kingdom,
SRX5399999,BADGER,RESERVOIR,United Kingdom,
SRX5400350,BOVINE,RESERVOIR,United Kingdom,
SRX5400349,BADGER,RESERVOIR,United Kingdom,
SRX5400348,BADGER,RESERVOIR,United Kingdom,
SRX5400347,BADGER,RESERVOIR,United Kingdom,
SRX5400346,BADGER,RESERVOIR,United Kingdom,
SRX5400345,BADGER,RESERVOIR,United Kingdom,
SRX5400344,BOVINE,RESERVOIR,United Kingdom,
SRX5400343,BADGER,RESERVOIR,United Kingdom,
SRX5400342,BADGER,RESERVOIR,United Kingdom,
SRX5400341,BADGER,RESERVOIR,United Kingdom,
SRX5400340,BOVINE,RESERVOIR,United Kingdom,
SRX5400339,BOVINE,RESERVOIR,United Kingdom,
SRX5400338,BOVINE,RESERVOIR,United Kingdom,
SRX5400337,BOVINE,RESERVOIR,United Kingdom,
SRX5400336,BOVINE,RESERVOIR,United Kingdom,
SRX5400335,BOVINE,RESERVOIR,United Kingdom,
